
{
  "model": {
    "type": "range_dispatch",
    "property": "custom_model_data",
    "entries": [

      {
        "threshold": 0,
        "model": {
          "type": "model",
          "model": "minecraft:item/carved_pumpkin"
        }
      },
	  
	  
	  
      {
        "threshold": 1,
        "model": {
          "type": "model",
          "model": "minecraft:item/hat1"
        }
      },
	  
	  

      {
        "threshold": 2,
        "model": {
          "type": "model",
          "model": "minecraft:item/hat2"
        }
      },
	  
	  
	  
      {
        "threshold": 3,
        "model": {
          "type": "model",
          "model": "minecraft:item/hat3"
        }
      },
	  
	  
	  
      {
        "threshold": 4,
        "model": {
          "type": "model",
          "model": "minecraft:item/hat4"
        }
      },
	  
	  
	  
      {
        "threshold": 5,
        "model": {
          "type": "model",
          "model": "minecraft:item/hat5"
        }
      },
	  
	  
	  
      {
        "threshold": 6,
        "model": {
          "type": "model",
          "model": "minecraft:item/hat6"
        }
      },
	  
	  
	  
      {
        "threshold": 7,
        "model": {
          "type": "model",
          "model": "minecraft:item/hat7"
        }
      },
	  
	  
	  
      {
        "threshold": 8,
        "model": {
          "type": "model",
          "model": "minecraft:item/hat8"
        }
      },
	  
	  
	  
      {
        "threshold": 9,
        "model": {
          "type": "model",
          "model": "minecraft:item/hat9"
        }
      },
	  
	  
	  
      {
        "threshold": 10,
        "model": {
          "type": "model",
          "model": "minecraft:item/hat10"
        }
      },
	  
	  
	  
      {
        "threshold": 11,
        "model": {
          "type": "model",
          "model": "minecraft:item/hat11"
        }
      }
	  
	  
	  
    ],
    "fallback": {
      "type": "model",
      "model": "item/carved_pumpkin"
    }
  }
}