
{
  "model": {
    "type": "range_dispatch",
    "property": "custom_model_data",
    "entries": [

      {
        "threshold": 0,
        "model": {
          "type": "model",
          "model": "minecraft:item/knowledge_book"
        }
      },
	  
	  
	  
      {
        "threshold": 1,
        "model": {
          "type": "model",
          "model": "minecraft:item/null"
        }
      },
	  
	  
	  
      {
        "threshold": 2,
        "model": {
          "type": "model",
          "model": "minecraft:item/dailyreward1"
        }
      },
	  
	  
	  
      {
        "threshold": 3,
        "model": {
          "type": "model",
          "model": "minecraft:item/dailyreward2"
        }
      },
	  
	  
	  
      {
        "threshold": 4,
        "model": {
          "type": "model",
          "model": "minecraft:item/dailyreward3"
        }
      },
	  
	  
	  
      {
        "threshold": 5,
        "model": {
          "type": "model",
          "model": "minecraft:item/dailyreward4"
        }
      },
	  
	  
	  
      {
        "threshold": 100,
        "model": {
          "type": "model",
          "model": "minecraft:item/rank1"
        }
      },



      {
        "threshold": 101,
        "model": {
          "type": "model",
          "model": "minecraft:item/rank2"
        }
      },
	  
	  
	  
      {
        "threshold": 102,
        "model": {
          "type": "model",
          "model": "minecraft:item/rank3"
        }
      },
	  
	  
	  
      {
        "threshold": 103,
        "model": {
          "type": "model",
          "model": "minecraft:item/rankdev1"
        }
      },
	  
	  
	  
      {
        "threshold": 104,
        "model": {
          "type": "model",
          "model": "minecraft:item/rankdev2"
        }
      },
	  
	  
	  
      {
        "threshold": 105,
        "model": {
          "type": "model",
          "model": "minecraft:item/rankdev3"
        }
      },
	  
	  
	  
      {
        "threshold": 200,
        "model": {
          "type": "model",
          "model": "minecraft:item/book1"
        }
      },
	  
	  
	  
      {
        "threshold": 201,
        "model": {
          "type": "model",
          "model": "minecraft:item/book2"
        }
      },
	  
	  
	  
      {
        "threshold": 202,
        "model": {
          "type": "model",
          "model": "minecraft:item/book3"
        }
      },
	  
	  
	  
      {
        "threshold": 203,
        "model": {
          "type": "model",
          "model": "minecraft:item/book4"
        }
      }
	  
	  
	   
    ],
    "fallback": {
      "type": "model",
      "model": "item/knowledge_book"
    }
  }
}