{
    "providers": [
        {
            "type": "bitmap",
            "file": "minecraft:custom/menu_gui/gui_server_tab/1.png",
            "ascent": 7,
            "height": 36,
            "chars": ["\uE000"]
        },
        {
            "type": "bitmap",
            "file": "minecraft:custom/menu_gui/gui_server_tab/2.png",
            "ascent": 7,
            "height": 45,
            "chars": ["\uE001"]
        },
        {
            "type": "bitmap",
            "file": "minecraft:custom/icons/currency/coins.png",
            "ascent": 8,
            "height": 9,
            "chars": ["\uE020"]
        },
        {
            "type": "bitmap",
            "file": "minecraft:custom/icons/currency/crystal.png",
            "ascent": 8,
            "height": 9,
            "chars": ["\uE021"]
        },
        {
            "type": "bitmap",
            "file": "minecraft:custom/icons/currency/ruby.png",
            "ascent": 8,
            "height": 9,
            "chars": ["\uE022"]
        },
        {
            "type": "bitmap",
            "file": "minecraft:custom/icons/faq/faq1.png",
            "ascent": 8,
            "height": 9,
            "chars": ["\uE024"]
        },
        {
            "type": "bitmap",
            "file": "minecraft:custom/icons/speaker/speaker1.png",
            "ascent": 8,
            "height": 9,
            "chars": ["\uE025"]
        },
        {
            "type": "bitmap",
            "file": "minecraft:custom/icons/death/death1.png",
            "ascent": 8,
            "height": 9,
            "chars": ["\uE029"]
        },
        {
            "type": "bitmap",
            "file": "minecraft:custom/icons/exp/exp1.png",
            "ascent": 8,
            "height": 9,
            "chars": ["\uE030"]
        },
        {
            "type": "bitmap",
            "file": "minecraft:custom/icons/microphone/on.png",
            "ascent": 8,
            "height": 9,
            "chars": ["\uE398"]
        },
        {
            "type": "bitmap",
            "file": "minecraft:custom/icons/microphone/off.png",
            "ascent": 8,
            "height": 9,
            "chars": ["\uE399"]
        },
        {
            "type": "bitmap",
            "file": "minecraft:custom/icons/emoji/emoji1.png",
            "ascent": 8,
            "height": 9,
            "chars": ["☻"]
        },
        {
            "type": "bitmap",
            "file": "minecraft:custom/icons/emoji/emoji1.png",
            "ascent": 8,
            "height": 9,
            "chars": ["☺"]
        },
        {
            "type": "bitmap",
            "file": "minecraft:custom/icons/emoji/emoji999.png",
            "ascent": 8,
            "height": 9,
            "chars": ["🤡"]
        },
        {
            "type": "bitmap",
            "file": "minecraft:custom/menu_gui/menu_gender/menu_gender.png",
            "ascent": 32,
            "height": 256,
            "chars": ["\uE400"]
        },
        {
            "type": "bitmap",
            "file": "minecraft:custom/menu_gui/menu_attributes_and_skills/menu_attributes_and_skills1.png",
            "ascent": 32,
            "height": 256,
            "chars": ["\uE401"]
        },
        {
            "type": "bitmap",
            "file": "minecraft:custom/menu_gui/menu_prefix/menu_prefix1.png",
            "ascent": 32,
            "height": 256,
            "chars": ["\uE402"]
        },
        {
            "type": "bitmap",
            "file": "minecraft:custom/menu_gui/menu_dailyreward/menu_dailyreward1.png",
            "ascent": 32,
            "height": 256,
            "chars": ["\uE410"]
        },
        {
            "type": "bitmap",
            "file": "minecraft:custom/menu_gui/menu_gui_probel/menu_gui_probel1.png",
            "ascent": -2000,
            "height": -50,
            "chars": ["\uE500"]
        },
        {
            "type": "bitmap",
            "file": "minecraft:custom/menu_gui/menu_auction/menu_auction_all.png",
            "ascent": 32,
            "height": 256,
            "chars": ["\uE501"]
        },
        {
            "type": "bitmap",
            "file": "minecraft:custom/menu_gui/menu_auction/menu_auction_storage.png",
            "ascent": 32,
            "height": 256,
            "chars": ["\uE502"]
        },
        {
            "type": "bitmap",
            "file": "minecraft:custom/menu_gui/menu_auction/menu_auction_mail.png",
            "ascent": 32,
            "height": 256,
            "chars": ["\uE503"]
        },
        {
            "type": "bitmap",
            "file": "minecraft:custom/menu_gui/menu_shop/menu_shop1.png",
            "ascent": 32,
            "height": 256,
            "chars": ["\uE510"]
        },
        {
            "type": "bitmap",
            "file": "minecraft:custom/menu_gui/menu_main/menu_main1.png",
            "ascent": 32,
            "height": 256,
            "chars": ["\uE530"]
        },
        {
            "type": "bitmap",
            "file": "minecraft:custom/menu_gui/menu_ranks/menu_ranks1.png",
            "ascent": 32,
            "height": 256,
            "chars": ["\uE531"]
        },
        {
            "type": "bitmap",
            "file": "minecraft:custom/menu_gui/menu_shop_npc/menu_npc1/menu_npc1.png",
            "ascent": 32,
            "height": 256,
            "chars": ["\uE600"]
        },
        {
            "type": "bitmap",
            "file": "minecraft:custom/menu_gui/menu_shop_npc/menu_npc2/menu_npc2.png",
            "ascent": 32,
            "height": 256,
            "chars": ["\uE601"]
        },
        {
            "type": "bitmap",
            "file": "minecraft:custom/menu_gui/menu_recipe/menu_recipe1.png",
            "ascent": 32,
            "height": 256,
            "chars": ["\uF000"]
        },
        {
            "type": "bitmap",
            "file": "minecraft:custom/menu_gui/menu_info/menu_info_page1.png",
            "ascent": 32,
            "height": 256,
            "chars": ["\uF800"]
        },
        {
            "type": "bitmap",
            "file": "minecraft:custom/menu_gui/menu_info/menu_info_page0.png",
            "ascent": 32,
            "height": 256,
            "chars": ["\uF801"]
        },
        {
            "type": "bitmap",
            "file": "minecraft:custom/menu_gui/menu_info/menu_info_page2.png",
            "ascent": 32,
            "height": 256,
            "chars": ["\uF802"]
        },
        {
            "type": "bitmap",
            "file": "minecraft:custom/icons/privilege/big_image/dev.png",
            "ascent": 10,
            "height": 24,
            "chars": ["⓴"]
        },
        {
            "type": "bitmap",
            "file": "minecraft:custom/icons/privilege/dev.png",
            "ascent": 10,
            "height": 12,
            "chars": ["⓳"]
        },
        {
            "type": "bitmap",
            "file": "minecraft:custom/icons/privilege/big_image/mod.png",
            "ascent": 10,
            "height": 24,
            "chars": ["⓲"]
        },
        {
            "type": "bitmap",
            "file": "minecraft:custom/icons/privilege/mod.png",
            "ascent": 10,
            "height": 12,
            "chars": ["⓱"]
        },
        {
            "type": "bitmap",
            "file": "minecraft:custom/icons/privilege/big_image/help.png",
            "ascent": 10,
            "height": 24,
            "chars": ["⓰"]
        },
        {
            "type": "bitmap",
            "file": "minecraft:custom/icons/privilege/help.png",
            "ascent": 10,
            "height": 12,
            "chars": ["⓯"]
        },
        {
            "type": "bitmap",
            "file": "minecraft:custom/icons/privilege/big_image/tecno.png",
            "ascent": 10,
            "height": 24,
            "chars": ["⓮"]
        },
        {
            "type": "bitmap",
            "file": "minecraft:custom/icons/privilege/tecno.png",
            "ascent": 10,
            "height": 12,
            "chars": ["⓭"]
        },
        {
            "type": "bitmap",
            "file": "minecraft:custom/icons/privilege/big_image/rank3.png",
            "ascent": 10,
            "height": 24,
            "chars": ["❺"]
        },
        {
            "type": "bitmap",
            "file": "minecraft:custom/icons/privilege/rank3.png",
            "ascent": 10,
            "height": 12,
            "chars": ["❹"]
        },
        {
            "type": "bitmap",
            "file": "minecraft:custom/icons/privilege/big_image/rank2.png",
            "ascent": 10,
            "height": 24,
            "chars": ["❸"]
        },
        {
            "type": "bitmap",
            "file": "minecraft:custom/icons/privilege/rank2.png",
            "ascent": 10,
            "height": 12,
            "chars": ["❷"]
        },
        {
            "type": "bitmap",
            "file": "minecraft:custom/icons/privilege/big_image/rank1.png",
            "ascent": 10,
            "height": 24,
            "chars": ["❶"]
        },
        {
            "type": "bitmap",
            "file": "minecraft:custom/icons/privilege/rank1.png",
            "ascent": 10,
            "height": 12,
            "chars": ["⓿"]
		},
        {
            "type": "bitmap",
            "file": "minecraft:custom/menu_gui/menu_esc/menu_esc1.png",
            "height": 32,
            "ascent": 0,
            "chars": ["\uE0A1"]			
        }
    ]
}