{
	"credit": "Made with Blockbench",
	"texture_size": [32, 32],
	"textures": {
		"0": "block/hat18",
		"particle": "block/hat18"
	},
	"elements": [
		{
			"from": [6, 0, 3],
			"to": [10, 3, 4],
			"faces": {
				"north": {"uv": [4, 0, 6, 1.5], "texture": "#0"},
				"east": {"uv": [8, 2, 8.5, 3.5], "texture": "#0"},
				"south": {"uv": [4, 1.5, 6, 3], "texture": "#0"},
				"west": {"uv": [3, 8, 3.5, 9.5], "texture": "#0"},
				"up": {"uv": [7, 8, 5, 7.5], "texture": "#0"},
				"down": {"uv": [2, 8, 0, 8.5], "texture": "#0", "cullface": "down"}
			}
		},
		{
			"from": [7, 0, 2],
			"to": [9, 2, 3],
			"faces": {
				"north": {"uv": [6, 2, 7, 3], "texture": "#0"},
				"east": {"uv": [3.5, 8, 4, 9], "texture": "#0"},
				"west": {"uv": [8, 3.5, 8.5, 4.5], "texture": "#0"},
				"up": {"uv": [9, 5, 8, 4.5], "texture": "#0"},
				"down": {"uv": [6, 8, 5, 8.5], "texture": "#0", "cullface": "down"}
			}
		},
		{
			"from": [3.8, 0.05, 3.8],
			"to": [12.2, 1.45, 12.2],
			"faces": {
				"east": {"uv": [6, 0.5, 10, 1], "texture": "#0"},
				"south": {"uv": [6, 1, 10, 1.5], "texture": "#0"},
				"west": {"uv": [6, 1.5, 10, 2], "texture": "#0"},
				"up": {"uv": [4, 4, 0, 0], "texture": "#0"},
				"down": {"uv": [4, 4, 0, 8], "texture": "#0"}
			}
		},
		{
			"from": [4, -1, 3],
			"to": [6, 2, 6],
			"rotation": {"angle": -45, "axis": "y", "origin": [6, 1, 4]},
			"faces": {
				"north": {"uv": [4, 6, 5, 7.5], "texture": "#0"},
				"east": {"uv": [4, 3, 5.5, 4.5], "texture": "#0"},
				"south": {"uv": [5, 6, 6, 7.5], "texture": "#0"},
				"west": {"uv": [4, 4.5, 5.5, 6], "texture": "#0"},
				"up": {"uv": [7, 7.5, 6, 6], "texture": "#0"},
				"down": {"uv": [8, 2, 7, 3.5], "texture": "#0", "cullface": "down"}
			}
		},
		{
			"from": [10, -1, 3],
			"to": [12, 2, 6],
			"rotation": {"angle": 45, "axis": "y", "origin": [10, 1, 4]},
			"faces": {
				"north": {"uv": [7, 3.5, 8, 5], "texture": "#0"},
				"east": {"uv": [5.5, 3, 7, 4.5], "texture": "#0"},
				"south": {"uv": [7, 5, 8, 6.5], "texture": "#0"},
				"west": {"uv": [5.5, 4.5, 7, 6], "texture": "#0"},
				"up": {"uv": [8, 8, 7, 6.5], "texture": "#0"},
				"down": {"uv": [5, 7.5, 4, 9], "texture": "#0", "cullface": "down"}
			}
		}
	],
	"display": {
		"thirdperson_righthand": {
			"rotation": [75, 45, 0],
			"translation": [-1.75, 0.75, 1.75],
			"scale": [0.375, 0.375, 0.375]
		},
		"thirdperson_lefthand": {
			"rotation": [75, 45, 0],
			"translation": [-1.75, 0.75, 1.75],
			"scale": [0.375, 0.375, 0.375]
		},
		"firstperson_righthand": {
			"rotation": [0, 15, 15],
			"translation": [4.75, 7.25, 0]
		},
		"firstperson_lefthand": {
			"rotation": [0, 15, 15],
			"translation": [4.75, 7.25, 0]
		},
		"ground": {
			"translation": [0, 3, 0],
			"scale": [0.4, 0.4, 0.4]
		},
		"gui": {
			"rotation": [30, 225, 0],
			"translation": [-0.5, 6.75, 0]
		},
		"head": {
			"translation": [0, 4.5, 0],
			"scale": [1.61, 1.61, 1.61]
		},
		"fixed": {
			"translation": [0, 8, 0],
			"scale": [1.3, 1.3, 1.3]
		}
	}
}