{
	"credit": "Made with Blockbench",
	"texture_size": [32, 32],
	"textures": {
		"0": "block/hat10",
		"particle": "block/hat10"
	},
	"elements": [
		{
			"from": [3, 5, 3],
			"to": [13, 12, 13],
			"faces": {
				"north": {"uv": [5, 0, 10, 3.5], "texture": "#0"},
				"east": {"uv": [5, 3.5, 10, 7], "texture": "#0"},
				"south": {"uv": [10, 7, 5, 10.5], "texture": "#0"},
				"west": {"uv": [0, 10, 5, 13.5], "texture": "#0"},
				"up": {"uv": [5, 5, 0, 0], "texture": "#0"},
				"down": {"uv": [5, 5, 0, 10], "texture": "#0"}
			}
		},
		{
			"from": [3, 1, 6],
			"to": [4, 5, 12],
			"rotation": {"angle": -22.5, "axis": "z", "origin": [3, 5, 9]},
			"faces": {
				"north": {"uv": [0, 13.5, 0.5, 15.5], "texture": "#0"},
				"east": {"uv": [10, 0, 13, 2], "texture": "#0"},
				"south": {"uv": [13.5, 0, 14, 2], "texture": "#0"},
				"west": {"uv": [10, 2, 13, 4], "texture": "#0"},
				"up": {"uv": [13.5, 3, 13, 0], "texture": "#0"},
				"down": {"uv": [13.5, 3, 13, 6], "texture": "#0"}
			}
		},
		{
			"from": [12, 1, 6],
			"to": [13, 5, 12],
			"rotation": {"angle": 22.5, "axis": "z", "origin": [13, 5, 9]},
			"faces": {
				"north": {"uv": [0.5, 13.5, 1, 15.5], "texture": "#0"},
				"east": {"uv": [10, 4, 13, 6], "texture": "#0"},
				"south": {"uv": [1, 13.5, 1.5, 15.5], "texture": "#0"},
				"west": {"uv": [10, 6, 13, 8], "texture": "#0"},
				"up": {"uv": [13.5, 9, 13, 6], "texture": "#0"},
				"down": {"uv": [13.5, 9, 13, 12], "texture": "#0"}
			}
		},
		{
			"from": [5, 5, 0],
			"to": [11, 8, 3],
			"faces": {
				"north": {"uv": [10, 8, 13, 9.5], "texture": "#0", "cullface": "north"},
				"east": {"uv": [11, 12.5, 12.5, 14], "texture": "#0"},
				"west": {"uv": [12.5, 12.5, 14, 14], "texture": "#0"},
				"up": {"uv": [5, 12, 8, 10.5], "texture": "#0"},
				"down": {"uv": [11, 11, 8, 12.5], "texture": "#0"}
			}
		},
		{
			"from": [10, 11, 7],
			"to": [14, 14, 8],
			"faces": {
				"north": {"uv": [11, 11, 13, 12.5], "texture": "#0"},
				"east": {"uv": [13.5, 2.5, 14, 4], "texture": "#0"},
				"south": {"uv": [5, 12, 7, 13.5], "texture": "#0"},
				"west": {"uv": [3.5, 13.5, 4, 15], "texture": "#0"},
				"up": {"uv": [10, 11, 8, 10.5], "texture": "#0"},
				"down": {"uv": [15, 12, 13, 12.5], "texture": "#0"}
			}
		},
		{
			"from": [2, 11, 7],
			"to": [6, 14, 8],
			"faces": {
				"north": {"uv": [7, 12.5, 9, 14], "texture": "#0"},
				"east": {"uv": [4, 13.5, 4.5, 15], "texture": "#0"},
				"south": {"uv": [9, 12.5, 11, 14], "texture": "#0"},
				"west": {"uv": [13.5, 4, 14, 5.5], "texture": "#0"},
				"up": {"uv": [3.5, 14, 1.5, 13.5], "texture": "#0"},
				"down": {"uv": [15.5, 2, 13.5, 2.5], "texture": "#0"}
			}
		},
		{
			"from": [6.8, 6.8, -0.2],
			"to": [9.2, 8.2, 1.2],
			"faces": {
				"north": {"uv": [11, 8, 12, 8.5], "texture": "#0", "cullface": "north"},
				"east": {"uv": [11, 8, 11.5, 8.5], "texture": "#0"},
				"south": {"uv": [12, 8, 11, 8.5], "texture": "#0"},
				"west": {"uv": [11.5, 8, 12, 8.5], "texture": "#0"},
				"up": {"uv": [6, 11.5, 7, 12], "texture": "#0"},
				"down": {"uv": [6, 11.5, 7, 12], "texture": "#0", "cullface": "north"}
			}
		}
	],
	"display": {
		"thirdperson_righthand": {
			"rotation": [75, 45, 0],
			"translation": [0, 2.5, 0],
			"scale": [0.375, 0.375, 0.375]
		},
		"thirdperson_lefthand": {
			"rotation": [75, 45, 0],
			"translation": [0, 2.5, 0],
			"scale": [0.375, 0.375, 0.375]
		},
		"firstperson_righthand": {
			"rotation": [0, 0, 15],
			"translation": [1.13, 3.2, 1.13],
			"scale": [0.68, 0.68, 0.68]
		},
		"firstperson_lefthand": {
			"rotation": [0, 0, 15],
			"translation": [1.13, 3.2, 1.13],
			"scale": [0.68, 0.68, 0.68]
		},
		"ground": {
			"translation": [0, 3, 0],
			"scale": [0.25, 0.25, 0.25]
		},
		"gui": {
			"rotation": [30, 225, 0],
			"translation": [-0.25, 0.75, 0],
			"scale": [0.9, 0.9, 0.9]
		},
		"head": {
			"translation": [0, 4.75, 0],
			"scale": [1.6, 1.6, 1.6]
		},
		"fixed": {
			"translation": [0, 0.5, -1],
			"scale": [1.3, 1.3, 1.3]
		}
	}
}