{
	"credit": "Made with Blockbench",
	"texture_size": [32, 32],
	"textures": {
		"0": "block/hat2",
		"particle": "block/hat2"
	},
	"elements": [
		{
			"from": [4.5, 6, 11],
			"to": [11.5, 15, 15],
			"rotation": {"angle": -22.5, "axis": "x", "origin": [8, 9.5, 15]},
			"faces": {
				"north": {"uv": [0, 0, 3.5, 4.5], "texture": "#0"},
				"east": {"uv": [0, 4.5, 2, 9], "texture": "#0"},
				"south": {"uv": [3.5, 0, 7, 4.5], "texture": "#0"},
				"west": {"uv": [2, 4.5, 4, 9], "texture": "#0"},
				"up": {"uv": [7.5, 6.5, 4, 4.5], "texture": "#0"},
				"down": {"uv": [7.5, 6.5, 4, 8.5], "texture": "#0"}
			}
		},
		{
			"from": [6, 4, 13.5],
			"to": [10, 7, 13.5],
			"rotation": {"angle": -45, "axis": "x", "origin": [8, 9.5, 15]},
			"faces": {
				"north": {"uv": [7.5, 5, 9.5, 6.5], "texture": "#0", "cullface": "south"},
				"south": {"uv": [7.5, 6.5, 9.5, 8], "texture": "#0", "cullface": "south"}
			}
		},
		{
			"from": [6, 4.35869, 17.86758],
			"to": [10, 4.35869, 20.86758],
			"rotation": {"angle": -22.5, "axis": "x", "origin": [8, 4.35869, 17.36758]},
			"faces": {
				"up": {"uv": [9.5, 9.5, 7.5, 8], "texture": "#0", "cullface": "south"},
				"down": {"uv": [6, 8.5, 4, 10], "texture": "#0", "cullface": "south"}
			}
		},
		{
			"from": [6, 5.58445, 20.02582],
			"to": [10, 10.58445, 20.02582],
			"rotation": {"angle": -22.5, "axis": "x", "origin": [8, 7.08445, 20.02582]},
			"faces": {
				"north": {"uv": [7, 0, 9, 2.5], "texture": "#0", "cullface": "south"},
				"south": {"uv": [7.5, 2.5, 9.5, 5], "texture": "#0", "cullface": "south"}
			}
		},
		{
			"from": [9, 14.75, 13],
			"to": [11, 17.75, 13],
			"rotation": {"angle": -22.5, "axis": "x", "origin": [8, 9.5, 15]},
			"faces": {
				"north": {"uv": [2, 9, 3, 10.5], "texture": "#0"},
				"south": {"uv": [3, 9, 4, 10.5], "texture": "#0"}
			}
		},
		{
			"from": [5, 14.75, 13],
			"to": [7, 17.75, 13],
			"rotation": {"angle": -22.5, "axis": "x", "origin": [8, 9.5, 15]},
			"faces": {
				"north": {"uv": [9.5, 2, 10.5, 3.5], "texture": "#0"},
				"south": {"uv": [9.5, 3.5, 10.5, 5], "texture": "#0"}
			}
		},
		{
			"from": [10, 8, 8],
			"to": [12, 9, 12],
			"faces": {
				"north": {"uv": [10, 1.5, 11, 2], "texture": "#0"},
				"east": {"uv": [9.5, 8, 11.5, 8.5], "texture": "#0"},
				"south": {"uv": [5, 10, 6, 10.5], "texture": "#0"},
				"west": {"uv": [8.5, 9.5, 10.5, 10], "texture": "#0"},
				"up": {"uv": [7, 10.5, 6, 8.5], "texture": "#0"},
				"down": {"uv": [1, 9, 0, 11], "texture": "#0"}
			}
		},
		{
			"from": [9.24645, 5, 9.18189],
			"to": [10.24645, 7, 12.18189],
			"rotation": {"angle": -22.5, "axis": "y", "origin": [4.99645, 6, 16.68189]},
			"faces": {
				"north": {"uv": [7, 8.5, 7.5, 9.5], "texture": "#0"},
				"east": {"uv": [9.5, 5, 11, 6], "texture": "#0"},
				"south": {"uv": [8.5, 10, 9, 11], "texture": "#0"},
				"west": {"uv": [9.5, 6, 11, 7], "texture": "#0"},
				"up": {"uv": [7.5, 4, 7, 2.5], "texture": "#0"},
				"down": {"uv": [10.5, 0, 10, 1.5], "texture": "#0"}
			}
		},
		{
			"from": [5.75355, 5, 9.18189],
			"to": [6.75355, 7, 12.18189],
			"rotation": {"angle": 22.5, "axis": "y", "origin": [11.00355, 6, 16.68189]},
			"faces": {
				"north": {"uv": [9, 10, 9.5, 11], "texture": "#0"},
				"east": {"uv": [7, 9.5, 8.5, 10.5], "texture": "#0"},
				"south": {"uv": [9.5, 10, 10, 11], "texture": "#0"},
				"west": {"uv": [9.5, 7, 11, 8], "texture": "#0"},
				"up": {"uv": [4.5, 11.5, 4, 10], "texture": "#0"},
				"down": {"uv": [5, 10, 4.5, 11.5], "texture": "#0"}
			}
		},
		{
			"from": [4, 12, 4],
			"to": [6, 13, 8],
			"rotation": {"angle": 22.5, "axis": "x", "origin": [0, 0, 0]},
			"faces": {
				"north": {"uv": [10, 10, 11, 10.5], "texture": "#0"},
				"east": {"uv": [9.5, 8.5, 11.5, 9], "texture": "#0"},
				"south": {"uv": [10.5, 0, 11.5, 0.5], "texture": "#0"},
				"west": {"uv": [9.5, 9, 11.5, 9.5], "texture": "#0"},
				"up": {"uv": [10, 2, 9, 0], "texture": "#0"},
				"down": {"uv": [2, 9, 1, 11], "texture": "#0"}
			}
		}
	],
	"gui_light": "front",
	"display": {
		"thirdperson_righthand": {
			"rotation": [-66, 0, 0],
			"translation": [0, -3, 0.75]
		},
		"thirdperson_lefthand": {
			"rotation": [-66, 0, 0],
			"translation": [0, -3, 0.75]
		},
		"ground": {
			"translation": [0, 1.25, -9],
			"scale": [1.5, 1.5, 1.5]
		},
		"gui": {
			"rotation": [20, 150, 0],
			"translation": [-3.25, -4.75, 0],
			"scale": [1.5, 1.5, 1.5]
		},
		"head": {
			"translation": [0, 6, -2.75],
			"scale": [2, 2, 2]
		},
		"fixed": {
			"translation": [0, -5.5, -10.25],
			"scale": [2, 2, 2]
		}
	},
	"groups": [
		{
			"name": "group",
			"origin": [0, 0, 0],
			"color": 0,
			"children": [0, 1, 2, 3, 4, 5, 6, 7, 8, 9]
		}
	]
}