{
	"credit": "Made with Blockbench",
	"texture_size": [32, 32],
	"textures": {
		"0": "block/hat7",
		"particle": "block/hat7"
	},
	"elements": [
		{
			"from": [4, 0, 5],
			"to": [13, 7, 12],
			"faces": {
				"north": {"uv": [0, 0, 4.5, 3.5], "texture": "#0"},
				"east": {"uv": [4.5, 0, 8, 3.5], "texture": "#0"},
				"south": {"uv": [4.5, 0, 9, 3.5], "texture": "#0"},
				"west": {"uv": [4.5, 0, 8, 3.5], "texture": "#0"},
				"up": {"uv": [9, 3.5, 4.5, 0], "texture": "#0"},
				"down": {"uv": [9, 3.5, 4.5, 7], "texture": "#0", "cullface": "down"}
			}
		},
		{
			"from": [3.6, 4.6, 3.6],
			"to": [13.4, 9.4, 7.4],
			"rotation": {"angle": 22.5, "axis": "x", "origin": [8.5, 9.5, 3.5]},
			"faces": {
				"north": {"uv": [9, 4, 13.5, 6], "texture": "#0"},
				"east": {"uv": [9, 4, 10.5, 6], "texture": "#0"},
				"south": {"uv": [9, 4, 13.5, 6], "texture": "#0"},
				"west": {"uv": [9, 4, 10.5, 6], "texture": "#0"},
				"up": {"uv": [13.5, 6, 9, 4.5], "texture": "#0"},
				"down": {"uv": [13.5, 4.5, 9, 6], "texture": "#0"}
			}
		},
		{
			"from": [11.66397, -6.33802, 5.01],
			"to": [13.66397, -1.33802, 10.01],
			"rotation": {"angle": 22.5, "axis": "z", "origin": [-0.08603, -0.33802, 0]},
			"faces": {
				"north": {"uv": [12, 12, 13, 14.5], "texture": "#0"},
				"east": {"uv": [11.5, 6, 14, 8.5], "texture": "#0"},
				"south": {"uv": [12, 12, 13, 14.5], "texture": "#0"},
				"west": {"uv": [0, 12, 2.5, 14.5], "texture": "#0", "cullface": "down"},
				"down": {"uv": [13, 12, 12, 14.5], "texture": "#0", "cullface": "down"}
			}
		},
		{
			"from": [3.33603, -6.33802, 5.01],
			"to": [5.33603, -1.33802, 10.01],
			"rotation": {"angle": -22.5, "axis": "z", "origin": [17.08603, -0.33802, -0.01]},
			"faces": {
				"north": {"uv": [12, 12, 13, 14.5], "texture": "#0"},
				"east": {"uv": [0, 12, 2.5, 14.5], "texture": "#0", "cullface": "down"},
				"south": {"uv": [12, 12, 13, 14.5], "texture": "#0"},
				"west": {"uv": [14, 6, 11.5, 8.5], "texture": "#0"},
				"down": {"uv": [13, 12, 12, 14.5], "texture": "#0", "cullface": "down"}
			}
		},
		{
			"from": [3.8, 4.8, 3.8],
			"to": [13.2, 9.2, 7.2],
			"rotation": {"angle": 22.5, "axis": "x", "origin": [8.5, 9.5, 3.5]},
			"faces": {
				"north": {"uv": [7, 7, 11.5, 9], "texture": "#0"},
				"east": {"uv": [7, 7, 8.5, 9], "texture": "#0"},
				"south": {"uv": [7, 7, 11.5, 9], "texture": "#0"},
				"west": {"uv": [7, 7, 8.5, 9], "texture": "#0"},
				"up": {"uv": [11.5, 9, 7, 7.5], "texture": "#0"},
				"down": {"uv": [11.5, 7.5, 7, 9], "texture": "#0"}
			}
		}
	],
	"display": {
		"thirdperson_righthand": {
			"rotation": [45, 45, 0],
			"translation": [0, 1.5, -1.5],
			"scale": [0.5, 0.5, 0.5]
		},
		"thirdperson_lefthand": {
			"rotation": [45, 45, 0],
			"translation": [0, 1.5, -1.5],
			"scale": [0.5, 0.5, 0.5]
		},
		"firstperson_righthand": {
			"rotation": [45, 45, 0],
			"translation": [0, 1.5, -1.5],
			"scale": [0.5, 0.5, 0.5]
		},
		"firstperson_lefthand": {
			"rotation": [45, 45, 0],
			"translation": [0, 1.5, -1.5],
			"scale": [0.5, 0.5, 0.5]
		},
		"ground": {
			"translation": [0, 1, 0],
			"scale": [0.5, 0.5, 0.5]
		},
		"gui": {
			"rotation": [30, 135, 0],
			"translation": [0.5, 3, 0]
		},
		"head": {
			"translation": [-0.75, 11, -0.75],
			"scale": [2, 2, 2]
		},
		"fixed": {
			"translation": [-1, 8, 0],
			"scale": [2, 2, 2]
		}
	}
}