{
	"credit": "Made with Blockbench",
	"texture_size": [64, 64],
	"textures": {
		"0": "item/menu/null",
		"particle": "item/menu/null"
	},
	"elements": [
		{
			"from": [0, 0, 0],
			"to": [16, 16, 16],
			"faces": {
				"north": {"uv": [0, 0, 4, 4], "texture": "#0"},
				"east": {"uv": [0, 4, 4, 8], "texture": "#0"},
				"south": {"uv": [4, 0, 8, 4], "texture": "#0"},
				"west": {"uv": [4, 4, 8, 8], "texture": "#0"},
				"up": {"uv": [4, 12, 0, 8], "texture": "#0"},
				"down": {"uv": [12, 0, 8, 4], "texture": "#0"}
			}
		}
	],
	"display": {
		"thirdperson_righthand": {
			"scale": [0.5, 0.5, 0.5]
		},
		"thirdperson_lefthand": {
			"scale": [0.5, 0.5, 0.5]
		},
		"firstperson_righthand": {
			"scale": [0.5, 0.5, 0.5]
		},
		"firstperson_lefthand": {
			"scale": [0.5, 0.5, 0.5]
		},
		"ground": {
			"translation": [0, 1.75, 0],
			"scale": [0.5, 0.5, 0.5]
		},
		"gui": {
			"rotation": [170.1, -25.61, 165.28],
			"scale": [0.7, 0.7, 0.7]
		}
	}
}